year,recipient,sec_01_arms_transfer_tiv,sec_01_arms_transfer_tiv_delivered,sec_01_arms_transfer_orders_ct,sec_01_missing_transfer_tiv,sec_02_surveillance_usd,sec_02_surveillance_ct,sec_03_military_engagement_ct,sec_04_joint_exercise_ct,dev_02_infrastructure_usd,dev_02_infrastructure_ct,civ_02_healthcare_usd,civ_02_healthcare_ct,civ_03_outbound_visits_ct,civ_03_inbound_visits_ct,civ_03_total_visits_ct,civ_04_csps_ct,civ_05_judicial_engagement_ct,civ_06_ci_ct,civ_06_cc_ct,civ_06_ci_cc_ct,lat,lon
2017,Afghanistan,1.5,1.5,1,0,NA,NA,2,NA,163275809.4189704,5,NA,NA,0,0,0,0,1,0,0,0,33.7680065,66.2385139
2005,Indonesia,2.7,2.7,1,0,NA,NA,NA,NA,395066482.0962311,5,NA,NA,NA,NA,NA,0,NA,NA,NA,NA,-2.4833826,117.8902853
2006,Indonesia,13,13,1,0,NA,NA,2,NA,2955096764.4299617,1,5702569.738534382,1,NA,NA,NA,0,NA,NA,NA,NA,-2.4833826,117.8902853
2008,Indonesia,108,108,3,0,NA,NA,2,NA,3071943569.7023706,7,736202.0701300673,1,NA,NA,NA,0,NA,NA,NA,NA,-2.4833826,117.8902853
2009,Indonesia,64.5,64.5,4,0,NA,NA,2,NA,4725630436.078779,10,NA,NA,NA,NA,NA,0,NA,NA,NA,NA,-2.4833826,117.8902853
2011,Indonesia,102.5,86.5,2,16,NA,NA,3,1,372233279.9148881,4,NA,NA,2,0,2,0,NA,2,0,2,-2.4833826,117.8902853
2013,Indonesia,8,8,1,0,NA,NA,4,1,4249615701.906606,6,NA,NA,1,0,1,0,NA,1,0,1,-2.4833826,117.8902853
2014,Indonesia,10,10,1,0,NA,NA,4,3,1822462140.3676152,11,NA,NA,0,1,1,2,1,0,1,1,-2.4833826,117.8902853
2015,Indonesia,10.4,10.4,3,0,NA,NA,3,NA,8255373840.820095,22,NA,NA,1,1,2,0,NA,1,1,2,-2.4833826,117.8902853
2016,Indonesia,12,12,2,0,NA,NA,3,2,4967849745.952227,16,NA,NA,0,1,1,6,NA,0,1,1,-2.4833826,117.8902853
2017,Indonesia,27.6,27.6,3,0,NA,NA,1,NA,7540367323.600352,25,NA,NA,0,1,1,0,1,0,1,1,-2.4833826,117.8902853
2023,Indonesia,5,5,1,0,NA,NA,2,1,NA,NA,NA,NA,NA,NA,NA,NA,1,NA,NA,NA,-2.4833826,117.8902853
2015,Kazakhstan,11,11,2,0,NA,NA,1,1,2887638859.2785444,4,NA,NA,1,3,4,0,1,1,3,4,48.1012954,66.7780818
2006,Lao People's Democratic Republic,6.5,6.5,1,0,NA,NA,1,NA,25480247.23164072,2,NA,NA,NA,NA,NA,0,NA,NA,NA,NA,20.0171109,103.378253
2010,Lao People's Democratic Republic,16,16,1,0,NA,NA,2,NA,588404107.8418888,7,NA,NA,0,1,1,0,NA,0,1,1,20.0171109,103.378253
2012,Lao People's Democratic Republic,16,16,1,0,NA,NA,3,NA,808715488.458196,10,0,3,1,2,3,0,NA,1,2,3,20.0171109,103.378253
2015,Lao People's Democratic Republic,2.16,2.16,1,0,NA,NA,3,NA,774172247.0146557,8,0,1,0,2,2,0,NA,0,2,2,20.0171109,103.378253
2016,Lao People's Democratic Republic,2.4,2.4,1,0,NA,NA,2,NA,5134602908.867711,18,39161596.84957916,2,1,4,5,1,NA,1,4,5,20.0171109,103.378253
2017,Lao People's Democratic Republic,52.3,52.3,4,0,NA,NA,2,NA,3493867006.590027,17,113031949.54854625,4,1,1,2,0,1,1,1,2,20.0171109,103.378253
2018,Lao People's Democratic Republic,8,8,1,0,NA,NA,2,1,489309145.4855636,11,0,2,0,0,0,0,NA,0,0,0,20.0171109,103.378253
2022,Lao People's Democratic Republic,3.2,3.2,1,0,NA,NA,1,1,NA,NA,NA,NA,NA,NA,NA,NA,2,NA,NA,NA,20.0171109,103.378253
2008,Malaysia,5.12,5.12,1,0,NA,NA,1,NA,NA,NA,NA,NA,NA,NA,NA,0,NA,NA,NA,NA,4.5693754,102.2656823
2017,Malaysia,110,110,1,0,NA,NA,4,NA,4930141865.081237,5,NA,NA,0,1,1,1,1,0,1,1,4.5693754,102.2656823
2001,Myanmar,30.5,30.5,2,0,NA,NA,NA,NA,300449298.02227706,4,NA,NA,NA,NA,NA,0,NA,NA,NA,NA,17.1750495,95.9999652
2002,Myanmar,56.25,56.25,1,0,NA,NA,1,NA,0,1,NA,NA,NA,NA,NA,0,NA,NA,NA,NA,17.1750495,95.9999652
2005,Myanmar,21.5,21.5,2,0,1251863.7455156266,2,NA,NA,100185256.60162045,2,NA,NA,NA,NA,NA,0,NA,NA,NA,NA,17.1750495,95.9999652
2006,Myanmar,234,234,1,0,NA,NA,1,NA,985393951.0747466,7,142564.24346335928,1,NA,NA,NA,0,NA,NA,NA,NA,17.1750495,95.9999652
2007,Myanmar,18,18,1,0,NA,NA,1,NA,1867025111.960337,7,NA,NA,NA,NA,NA,0,NA,NA,NA,NA,17.1750495,95.9999652
2008,Myanmar,11.6,11.6,2,0,NA,NA,3,NA,12270034.502167715,1,0,1,NA,NA,NA,0,NA,NA,NA,NA,17.1750495,95.9999652
2009,Myanmar,390,316.5,5,73.5,NA,NA,1,NA,433240009.4704117,2,NA,NA,NA,NA,NA,0,NA,NA,NA,NA,17.1750495,95.9999652
2010,Myanmar,164.3,164.3,6,0,NA,NA,2,NA,6253853068.268192,7,NA,NA,1,1,2,0,NA,1,1,2,17.1750495,95.9999652
2011,Myanmar,165.4,165.4,6,0,NA,NA,3,NA,550128169.2405095,7,NA,NA,0,1,1,0,NA,0,1,1,17.1750495,95.9999652
2013,Myanmar,408.8,408.8,3,0,NA,NA,3,NA,377540898.17390823,8,0,1,0,2,2,0,NA,0,2,2,17.1750495,95.9999652
2015,Myanmar,197.9,197.9,6,0,49168057.354937315,2,2,NA,234215488.42844316,3,NA,NA,0,2,2,1,NA,0,2,2,17.1750495,95.9999652
2016,Myanmar,18.75,18.75,1,0,NA,NA,1,NA,114600905.52742906,5,2060715.9543863744,1,0,1,1,0,NA,0,1,1,17.1750495,95.9999652
2019,Myanmar,0,2.4,1,-2.4,336819.73080908763,1,1,NA,140337122.22860533,4,0,4,0,0,0,0,1,0,0,0,17.1750495,95.9999652
2020,Myanmar,164,164,3,0,NA,NA,1,NA,53724673.19571708,2,14951582.21480535,67,NA,NA,NA,0,NA,NA,NA,NA,17.1750495,95.9999652
2021,Myanmar,23,23,1,0,NA,NA,NA,NA,140956814.85926467,1,184552263.38797775,29,NA,NA,NA,0,NA,NA,NA,NA,17.1750495,95.9999652
2023,Myanmar,23,23,1,0,NA,NA,1,NA,NA,NA,NA,NA,NA,NA,NA,NA,NA,NA,NA,NA,17.1750495,95.9999652
2005,Nepal,1.75,1.75,1,0,NA,NA,1,NA,12444945.001004484,1,6845352.109037502,1,NA,NA,NA,0,NA,NA,NA,NA,28.3780464,83.9999901
2015,Nepal,24.45,24.45,1,0,NA,NA,NA,NA,34068365.911237724,4,NA,NA,0,1,1,0,NA,0,1,1,28.3780464,83.9999901
2001,Pakistan,527,527,2,0,NA,NA,1,NA,557534393.3820277,6,NA,NA,NA,NA,NA,0,NA,NA,NA,NA,30.3308401,71.247499
2002,Pakistan,121,121,1,0,NA,NA,4,NA,447834664.7306471,2,NA,NA,NA,NA,NA,0,NA,NA,NA,NA,30.3308401,71.247499
2003,Pakistan,170.55,170.55,6,0,NA,NA,2,1,500979278.4804542,2,NA,NA,NA,NA,NA,0,NA,NA,NA,NA,30.3308401,71.247499
2005,Pakistan,1163.5,1163.5,5,0,427747.343218468,1,5,1,979426289.777213,5,NA,NA,NA,NA,NA,0,NA,NA,NA,NA,30.3308401,71.247499
2006,Pakistan,421,404.4,2,16.600000000000023,NA,NA,3,1,533362849.84669405,5,NA,NA,NA,NA,NA,0,NA,NA,NA,NA,30.3308401,71.247499
2008,Pakistan,868,849.4,8,18.600000000000023,24540069.00433554,1,3,NA,558980795.0362403,2,NA,NA,NA,NA,NA,0,NA,NA,NA,NA,30.3308401,71.247499
2009,Pakistan,163.6,163.6,3,0,NA,NA,7,2,1648734421.1091013,8,NA,NA,NA,NA,NA,0,NA,NA,NA,NA,30.3308401,71.247499
2010,Pakistan,296.4,296.4,4,0,307586899.00188696,3,6,2,3551377057.0763855,11,0,1,1,2,3,0,NA,1,2,3,30.3308401,71.247499
2011,Pakistan,1075,1075,5,0,NA,NA,3,4,1040296555.9760053,6,1505768.2190876505,2,0,2,2,0,NA,0,2,2,30.3308401,71.247499
2012,Pakistan,1315,631.2,1,683.8,NA,NA,4,NA,9473397.13759261,1,NA,NA,0,3,3,0,NA,0,3,3,30.3308401,71.247499
2013,Pakistan,377,377,4,0,NA,NA,4,1,1205529721.793624,3,NA,NA,1,1,2,0,NA,1,1,2,30.3308401,71.247499
2014,Pakistan,333,333,4,0,NA,NA,4,2,1088235274.7306304,9,NA,NA,0,4,4,0,NA,0,4,4,30.3308401,71.247499
2015,Pakistan,2877.88,230.88,8,2647,18976170.728782304,1,4,4,13631680354.631655,31,10167232.527316026,2,1,2,3,0,NA,1,2,3,30.3308401,71.247499
2017,Pakistan,1623.6,1623.6,4,0,NA,NA,6,6,8592914320.033094,27,190771.222866745,1,0,1,1,0,1,0,1,1,30.3308401,71.247499
2017,Pakistan,1623.6,1623.6,4,0,NA,NA,6,6,8592914320.033094,27,190771.222866745,1,0,1,1,0,1,0,1,1,30.3308401,71.247499
2018,Pakistan,1010.6,700.5,5,310.1,NA,NA,7,2,1775455401.3966014,5,12780556.398043621,6,0,3,3,1,1,0,3,3,30.3308401,71.247499
2019,Pakistan,3202.5,952.5,4,2250,183042.50967250246,5,7,5,363345848.3212467,4,50787.898702383216,1,0,2,2,0,1,0,2,2,30.3308401,71.247499
2019,Pakistan,3202.5,952.5,4,2250,183042.50967250246,5,7,5,363345848.3212467,4,50787.898702383216,1,0,2,2,0,1,0,2,2,30.3308401,71.247499
2020,Pakistan,83.68,83.68,2,0,0,1,2,2,1468211843.2979178,6,21273025.73381072,28,NA,NA,NA,0,1,NA,NA,NA,30.3308401,71.247499
2021,Pakistan,1523,1110.5,3,412.5,NA,NA,3,3,1908958006.9511845,8,94642432.83407772,10,NA,NA,NA,0,2,NA,NA,NA,30.3308401,71.247499
2015,Russia,33.6,28.8,1,4.800000000000001,NA,NA,7,3,2120361362.3843393,5,NA,NA,2,2,4,0,2,2,2,4,64.6863136,97.7453061
2015,Russia,33.6,28.8,1,4.800000000000001,NA,NA,7,3,2120361362.3843393,5,NA,NA,2,2,4,0,2,2,2,4,64.6863136,97.7453061
2022,Russia,1.2,1.2,1,0,NA,NA,2,6,NA,NA,NA,NA,NA,NA,NA,NA,1,NA,NA,NA,64.6863136,97.7453061
2022,Russia,1.2,1.2,1,0,NA,NA,2,6,NA,NA,NA,NA,NA,NA,NA,NA,2,NA,NA,NA,64.6863136,97.7453061
2017,Tajikistan,3,3,2,0,NA,NA,1,NA,407598357.4997671,8,NA,NA,0,1,1,0,1,0,1,1,38.6281733,70.8156541
2018,Tajikistan,1.4,1.4,1,0,NA,NA,2,1,324773469.6379954,12,NA,NA,1,1,2,0,1,1,1,2,38.6281733,70.8156541
2001,Kyrgyz Republic,NA,NA,NA,NA,1359417.653715465,1,NA,NA,50978162.014329925,2,NA,NA,NA,NA,NA,0,NA,NA,NA,NA,41.5089324,74.724091
2002,Afghanistan,NA,NA,NA,NA,4391675.456309741,1,NA,NA,0,1,NA,NA,NA,NA,NA,0,NA,NA,NA,NA,33.7680065,66.2385139
2002,Kazakhstan,NA,NA,NA,NA,337821.1889469038,1,2,NA,NA,NA,0,1,NA,NA,NA,0,NA,NA,NA,NA,48.1012954,66.7780818
2002,Tajikistan,NA,NA,NA,NA,1791327.0708453536,1,1,NA,NA,NA,NA,NA,NA,NA,NA,0,NA,NA,NA,NA,38.6281733,70.8156541
2003,Indonesia,NA,NA,NA,NA,73107.05267898036,1,NA,NA,1767729317.9984858,3,NA,NA,NA,NA,NA,0,NA,NA,NA,NA,-2.4833826,117.8902853
2003,Kyrgyz Republic,NA,NA,NA,NA,0,1,2,NA,NA,NA,NA,NA,NA,NA,NA,0,NA,NA,NA,NA,41.5089324,74.724091
2004,Lao People's Democratic Republic,NA,NA,NA,NA,4002001.435378583,1,2,NA,1099595322.0211315,4,NA,NA,NA,NA,NA,0,NA,NA,NA,NA,20.0171109,103.378253
2006,Philippines,NA,NA,NA,NA,114051394.77068675,1,2,NA,910010682.8494219,1,285128.48692671856,1,NA,NA,NA,0,NA,NA,NA,NA,14.5904492,120.9803621
2007,Kazakhstan,NA,NA,NA,NA,797086.9547176266,1,NA,NA,14549072.005504843,3,NA,NA,NA,NA,NA,0,NA,NA,NA,NA,48.1012954,66.7780818
2007,Philippines,NA,NA,NA,NA,211705353.15345,1,3,NA,NA,NA,3710124.10929401,1,NA,NA,NA,0,NA,NA,NA,NA,14.5904492,120.9803621
2010,Nepal,NA,NA,NA,NA,6608047.063973821,1,1,NA,0,1,0,1,0,1,1,0,NA,0,1,1,28.3780464,83.9999901
2010,Tajikistan,NA,NA,NA,NA,1035770.897585488,1,NA,NA,278859868.7300406,2,NA,NA,1,2,3,0,NA,1,2,3,38.6281733,70.8156541
2011,Tajikistan,NA,NA,NA,NA,638499.722746133,1,2,NA,36410811.71693142,2,NA,NA,0,0,0,0,NA,0,0,0,38.6281733,70.8156541
2012,Afghanistan,NA,NA,NA,NA,895288.0811351251,2,1,NA,NA,NA,NA,NA,0,1,1,0,NA,0,1,1,33.7680065,66.2385139
2012,Myanmar,NA,NA,NA,NA,0,1,4,NA,716510240.825676,6,7391331.832627205,1,0,1,1,0,NA,0,1,1,17.1750495,95.9999652
2013,Nepal,NA,NA,NA,NA,41047464.9525782,1,NA,NA,41047464.9525782,1,NA,NA,0,0,0,0,NA,0,0,0,28.3780464,83.9999901
2013,Tajikistan,NA,NA,NA,NA,30479292.402618673,3,NA,NA,275776447.5798079,8,NA,NA,0,1,1,0,NA,0,1,1,38.6281733,70.8156541
2014,Afghanistan,NA,NA,NA,NA,1206048.481479035,2,NA,NA,1596004.157157261,1,NA,NA,0,2,2,0,NA,0,2,2,33.7680065,66.2385139
2014,Myanmar,NA,NA,NA,NA,0,1,3,NA,455042001.74315584,4,943746.7824182406,3,1,2,3,1,1,1,2,3,17.1750495,95.9999652
2015,Mongolia,NA,NA,NA,NA,88738397.64078598,2,2,4,1493876439.5971766,7,NA,NA,0,3,3,0,NA,0,3,3,46.8250388,103.8499736
2016,Mongolia,NA,NA,NA,NA,2066440.1797515757,1,2,NA,612535342.8312725,7,NA,NA,1,0,1,0,NA,1,0,1,46.8250388,103.8499736
2016,Philippines,NA,NA,NA,NA,9939491.586187618,2,2,NA,2505964729.985829,6,NA,NA,0,1,1,4,NA,0,1,1,14.5904492,120.9803621
2017,Mongolia,NA,NA,NA,NA,381542.44573349,1,NA,1,173301274.19443068,3,NA,NA,0,1,1,0,NA,0,1,1,46.8250388,103.8499736
2017,Myanmar,NA,NA,NA,NA,15469.515833759113,2,2,2,489191339.2945992,7,NA,NA,0,2,2,0,1,0,2,2,17.1750495,95.9999652
2018,Myanmar,NA,NA,NA,NA,0,1,6,NA,123203664.74705227,13,1285299.2838174328,6,0,0,0,0,NA,0,0,0,17.1750495,95.9999652
2019,Philippines,NA,NA,NA,NA,228255.59614482886,1,2,NA,905467707.8379476,5,NA,NA,0,2,2,0,NA,0,2,2,14.5904492,120.9803621
2021,Philippines,NA,NA,NA,NA,308697859.96231306,4,NA,NA,308697859.96231306,2,142276997.16762787,17,NA,NA,NA,0,NA,NA,NA,NA,14.5904492,120.9803621
2000,Malaysia,NA,NA,NA,NA,NA,NA,1,NA,NA,NA,NA,NA,NA,NA,NA,0,NA,NA,NA,NA,4.5693754,102.2656823
2001,India,NA,NA,NA,NA,NA,NA,1,NA,NA,NA,NA,NA,NA,NA,NA,0,NA,NA,NA,NA,22.3511148,78.6677428
2001,Viet Nam,NA,NA,NA,NA,NA,NA,1,NA,10195632.402865998,1,NA,NA,NA,NA,NA,0,NA,NA,NA,NA,15.9266657,107.9650855
2002,Brunei Darussalam,NA,NA,NA,NA,NA,NA,1,NA,NA,NA,NA,NA,NA,NA,NA,0,NA,NA,NA,NA,4.4137155,114.5653908
2002,India,NA,NA,NA,NA,NA,NA,1,NA,NA,NA,NA,NA,NA,NA,NA,0,NA,NA,NA,NA,22.3511148,78.6677428
2002,Indonesia,NA,NA,NA,NA,NA,NA,2,NA,0,1,NA,NA,NA,NA,NA,0,NA,NA,NA,NA,-2.4833826,117.8902853
2002,Kyrgyz Republic,NA,NA,NA,NA,NA,NA,1,1,0,1,NA,NA,NA,NA,NA,0,NA,NA,NA,NA,41.5089324,74.724091
2002,Lao People's Democratic Republic,NA,NA,NA,NA,NA,NA,2,NA,239024318.77510217,5,13980761.979000343,1,NA,NA,NA,0,NA,NA,NA,NA,20.0171109,103.378253
2002,Mongolia,NA,NA,NA,NA,NA,NA,2,NA,NA,NA,2702569.5115752276,1,NA,NA,NA,0,NA,NA,NA,NA,46.8250388,103.8499736
2002,Nepal,NA,NA,NA,NA,NA,NA,1,NA,NA,NA,0,1,NA,NA,NA,0,NA,NA,NA,NA,28.3780464,83.9999901
2002,Democratic People's Republic of Korea,NA,NA,NA,NA,NA,NA,1,NA,NA,NA,NA,NA,NA,NA,NA,NA,NA,NA,NA,NA,40.3736611,127.0870417
2002,Philippines,NA,NA,NA,NA,NA,NA,2,NA,NA,NA,NA,NA,NA,NA,NA,0,NA,NA,NA,NA,14.5904492,120.9803621
2002,Russia,NA,NA,NA,NA,NA,NA,3,NA,NA,NA,NA,NA,NA,NA,NA,0,NA,NA,NA,NA,64.6863136,97.7453061
2002,South Korea,NA,NA,NA,NA,NA,NA,7,NA,NA,NA,NA,NA,NA,NA,NA,0,NA,NA,NA,NA,36.638392,127.6961188
2002,Viet Nam,NA,NA,NA,NA,NA,NA,1,NA,NA,NA,NA,NA,NA,NA,NA,0,NA,NA,NA,NA,15.9266657,107.9650855
2003,Brunei Darussalam,NA,NA,NA,NA,NA,NA,2,NA,NA,NA,NA,NA,NA,NA,NA,0,NA,NA,NA,NA,4.4137155,114.5653908
2003,India,NA,NA,NA,NA,NA,NA,2,1,NA,NA,NA,NA,NA,NA,NA,0,NA,NA,NA,NA,22.3511148,78.6677428
2003,Japan,NA,NA,NA,NA,NA,NA,1,NA,NA,NA,NA,NA,NA,NA,NA,0,NA,NA,NA,NA,36.5748441,139.2394179
2003,Kazakhstan,NA,NA,NA,NA,NA,NA,1,NA,NA,NA,NA,NA,NA,NA,NA,0,NA,NA,NA,NA,48.1012954,66.7780818
2003,Malaysia,NA,NA,NA,NA,NA,NA,1,NA,NA,NA,NA,NA,NA,NA,NA,0,NA,NA,NA,NA,4.5693754,102.2656823
2003,Mongolia,NA,NA,NA,NA,NA,NA,2,NA,NA,NA,NA,NA,NA,NA,NA,0,NA,NA,NA,NA,46.8250388,103.8499736
2003,Myanmar,NA,NA,NA,NA,NA,NA,2,NA,545047278.7903254,1,NA,NA,NA,NA,NA,0,NA,NA,NA,NA,17.1750495,95.9999652
2003,Democratic People's Republic of Korea,NA,NA,NA,NA,NA,NA,3,NA,NA,NA,NA,NA,NA,NA,NA,0,NA,NA,NA,NA,40.3736611,127.0870417
2003,Philippines,NA,NA,NA,NA,NA,NA,1,NA,NA,NA,NA,NA,NA,NA,NA,0,NA,NA,NA,NA,14.5904492,120.9803621
2003,Russia,NA,NA,NA,NA,NA,NA,5,NA,408785459.09274375,1,NA,NA,NA,NA,NA,0,NA,NA,NA,NA,64.6863136,97.7453061
2003,South Korea,NA,NA,NA,NA,NA,NA,2,NA,NA,NA,NA,NA,NA,NA,NA,0,NA,NA,NA,NA,36.638392,127.6961188
2003,Tajikistan,NA,NA,NA,NA,NA,NA,1,NA,NA,NA,NA,NA,NA,NA,NA,0,NA,NA,NA,NA,38.6281733,70.8156541
2003,Viet Nam,NA,NA,NA,NA,NA,NA,1,NA,344352917.5056378,2,NA,NA,NA,NA,NA,0,NA,NA,NA,NA,15.9266657,107.9650855
2004,Brunei Darussalam,NA,NA,NA,NA,NA,NA,2,NA,NA,NA,NA,NA,NA,NA,NA,0,NA,NA,NA,NA,4.4137155,114.5653908
2004,India,NA,NA,NA,NA,NA,NA,2,NA,12740102.716610461,1,NA,NA,NA,NA,NA,0,NA,NA,NA,NA,22.3511148,78.6677428
2004,Japan,NA,NA,NA,NA,NA,NA,4,NA,NA,NA,NA,NA,NA,NA,NA,0,NA,NA,NA,NA,36.5748441,139.2394179
2004,Kazakhstan,NA,NA,NA,NA,NA,NA,2,NA,0,1,NA,NA,NA,NA,NA,0,NA,NA,NA,NA,48.1012954,66.7780818
2004,Kyrgyz Republic,NA,NA,NA,NA,NA,NA,1,NA,18470775.855593435,1,NA,NA,NA,NA,NA,0,NA,NA,NA,NA,41.5089324,74.724091
2004,Myanmar,NA,NA,NA,NA,NA,NA,1,NA,340535999.3425083,10,NA,NA,NA,NA,NA,0,NA,NA,NA,NA,17.1750495,95.9999652
2004,Nepal,NA,NA,NA,NA,NA,NA,1,NA,0,1,0,1,NA,NA,NA,0,NA,NA,NA,NA,28.3780464,83.9999901
2004,Democratic People's Republic of Korea,NA,NA,NA,NA,NA,NA,2,NA,80040028.70757177,1,NA,NA,NA,NA,NA,0,NA,NA,NA,NA,40.3736611,127.0870417
2004,Pakistan,NA,NA,NA,NA,NA,NA,3,1,382203081.4983161,2,127401.02716610461,1,NA,NA,NA,0,NA,NA,NA,NA,30.3308401,71.247499
2004,Philippines,NA,NA,NA,NA,NA,NA,3,NA,NA,NA,71344575.21301909,2,NA,NA,NA,0,NA,NA,NA,NA,14.5904492,120.9803621
2004,Russia,NA,NA,NA,NA,NA,NA,6,NA,1528812.3259932643,1,NA,NA,NA,NA,NA,0,NA,NA,NA,NA,64.6863136,97.7453061
2004,South Korea,NA,NA,NA,NA,NA,NA,2,NA,NA,NA,NA,NA,NA,NA,NA,0,NA,NA,NA,NA,36.638392,127.6961188
2004,Viet Nam,NA,NA,NA,NA,NA,NA,2,NA,283628447.7439496,2,316371.3071841887,2,NA,NA,NA,0,NA,NA,NA,NA,15.9266657,107.9650855
2005,Afghanistan,NA,NA,NA,NA,NA,NA,1,NA,60696265.964873664,2,60696265.964873664,2,NA,NA,NA,0,NA,NA,NA,NA,33.7680065,66.2385139
2005,Brunei Darussalam,NA,NA,NA,NA,NA,NA,1,NA,NA,NA,NA,NA,NA,NA,NA,0,NA,NA,NA,NA,4.4137155,114.5653908
2005,India,NA,NA,NA,NA,NA,NA,2,1,NA,NA,0,1,NA,NA,NA,0,NA,NA,NA,NA,22.3511148,78.6677428
2005,Japan,NA,NA,NA,NA,NA,NA,1,NA,NA,NA,NA,NA,NA,NA,NA,0,NA,NA,NA,NA,36.5748441,139.2394179
2005,Kazakhstan,NA,NA,NA,NA,NA,NA,2,NA,531699289.85229295,2,NA,NA,NA,NA,NA,0,NA,NA,NA,NA,48.1012954,66.7780818
2005,Kyrgyz Republic,NA,NA,NA,NA,NA,NA,3,NA,8889246.429288957,1,NA,NA,NA,NA,NA,0,NA,NA,NA,NA,41.5089324,74.724091
2005,Malaysia,NA,NA,NA,NA,NA,NA,1,NA,3884561021.7519073,1,NA,NA,NA,NA,NA,0,NA,NA,NA,NA,4.5693754,102.2656823
2005,Democratic People's Republic of Korea,NA,NA,NA,NA,NA,NA,1,NA,NA,NA,NA,NA,NA,NA,NA,0,NA,NA,NA,NA,40.3736611,127.0870417
2005,Philippines,NA,NA,NA,NA,NA,NA,1,NA,NA,NA,NA,NA,NA,NA,NA,0,NA,NA,NA,NA,14.5904492,120.9803621
2005,Russia,NA,NA,NA,NA,NA,NA,5,1,NA,NA,NA,NA,NA,NA,NA,0,NA,NA,NA,NA,64.6863136,97.7453061
2005,South Korea,NA,NA,NA,NA,NA,NA,2,NA,NA,NA,NA,NA,NA,NA,NA,1,NA,NA,NA,NA,36.638392,127.6961188
2005,Tajikistan,NA,NA,NA,NA,NA,NA,4,NA,NA,NA,NA,NA,NA,NA,NA,0,NA,NA,NA,NA,38.6281733,70.8156541
2005,Viet Nam,NA,NA,NA,NA,NA,NA,2,NA,1027255938.5380518,5,444462.3214644473,1,NA,NA,NA,0,NA,NA,NA,NA,15.9266657,107.9650855
2006,Afghanistan,NA,NA,NA,NA,NA,NA,2,NA,NA,NA,NA,NA,NA,NA,NA,0,NA,NA,NA,NA,33.7680065,66.2385139
2006,India,NA,NA,NA,NA,NA,NA,3,NA,212175947.6860715,4,NA,NA,NA,NA,NA,1,NA,NA,NA,NA,22.3511148,78.6677428
2006,Japan,NA,NA,NA,NA,NA,NA,1,NA,NA,NA,NA,NA,NA,NA,NA,0,NA,NA,NA,NA,36.5748441,139.2394179
2006,Kazakhstan,NA,NA,NA,NA,NA,NA,1,1,1036086703.8919239,4,NA,NA,NA,NA,NA,0,NA,NA,NA,NA,48.1012954,66.7780818
2006,Kyrgyz Republic,NA,NA,NA,NA,NA,NA,2,NA,159166058.0349121,2,NA,NA,NA,NA,NA,0,NA,NA,NA,NA,41.5089324,74.724091
2006,Malaysia,NA,NA,NA,NA,NA,NA,3,NA,NA,NA,NA,NA,NA,NA,NA,0,NA,NA,NA,NA,4.5693754,102.2656823
2006,Democratic People's Republic of Korea,NA,NA,NA,NA,NA,NA,2,NA,NA,NA,NA,NA,NA,NA,NA,0,NA,NA,NA,NA,40.3736611,127.0870417
2006,Russia,NA,NA,NA,NA,NA,NA,4,NA,1136575678.6269083,1,NA,NA,NA,NA,NA,0,NA,NA,NA,NA,64.6863136,97.7453061
2006,South Korea,NA,NA,NA,NA,NA,NA,2,NA,NA,NA,NA,NA,NA,NA,NA,0,NA,NA,NA,NA,36.638392,127.6961188
2006,Tajikistan,NA,NA,NA,NA,NA,NA,2,1,1463207188.9810684,5,NA,NA,NA,NA,NA,0,NA,NA,NA,NA,38.6281733,70.8156541
2006,Viet Nam,NA,NA,NA,NA,NA,NA,3,NA,2586733767.7815228,8,NA,NA,NA,NA,NA,0,NA,NA,NA,NA,15.9266657,107.9650855
2007,Afghanistan,NA,NA,NA,NA,NA,NA,1,NA,NA,NA,NA,NA,NA,NA,NA,0,NA,NA,NA,NA,33.7680065,66.2385139
2007,Brunei Darussalam,NA,NA,NA,NA,NA,NA,1,NA,NA,NA,NA,NA,NA,NA,NA,0,NA,NA,NA,NA,4.4137155,114.5653908
2007,India,NA,NA,NA,NA,NA,NA,2,1,NA,NA,NA,NA,NA,NA,NA,0,NA,NA,NA,NA,22.3511148,78.6677428
2007,Indonesia,NA,NA,NA,NA,NA,NA,4,NA,1012358937.3252537,4,0,2,NA,NA,NA,2,NA,NA,NA,NA,-2.4833826,117.8902853
2007,Japan,NA,NA,NA,NA,NA,NA,3,NA,NA,NA,NA,NA,NA,NA,NA,0,NA,NA,NA,NA,36.5748441,139.2394179
2007,Kyrgyz Republic,NA,NA,NA,NA,NA,NA,1,NA,32785806.58657961,5,15877901.486508753,1,NA,NA,NA,0,NA,NA,NA,NA,41.5089324,74.724091
2007,Lao People's Democratic Republic,NA,NA,NA,NA,NA,NA,3,NA,52180151.67761096,5,4086982.559549277,5,NA,NA,NA,0,NA,NA,NA,NA,20.0171109,103.378253
2007,Malaysia,NA,NA,NA,NA,NA,NA,1,NA,1610276676.1972153,1,NA,NA,NA,NA,NA,0,NA,NA,NA,NA,4.5693754,102.2656823
2007,Mongolia,NA,NA,NA,NA,NA,NA,1,NA,NA,NA,NA,NA,NA,NA,NA,0,NA,NA,NA,NA,46.8250388,103.8499736
2007,Democratic People's Republic of Korea,NA,NA,NA,NA,NA,NA,1,NA,NA,NA,NA,NA,NA,NA,NA,0,NA,NA,NA,NA,40.3736611,127.0870417
2007,Pakistan,NA,NA,NA,NA,NA,NA,2,1,15600615.475314388,2,NA,NA,NA,NA,NA,0,NA,NA,NA,NA,30.3308401,71.247499
2007,Russia,NA,NA,NA,NA,NA,NA,4,1,0,1,NA,NA,NA,NA,NA,0,NA,NA,NA,NA,64.6863136,97.7453061
2007,South Korea,NA,NA,NA,NA,NA,NA,6,NA,NA,NA,NA,NA,NA,NA,NA,3,NA,NA,NA,NA,36.638392,127.6961188
2007,Viet Nam,NA,NA,NA,NA,NA,NA,3,NA,1497583475.8594084,3,NA,NA,NA,NA,NA,0,NA,NA,NA,NA,15.9266657,107.9650855
2008,Brunei Darussalam,NA,NA,NA,NA,NA,NA,2,NA,NA,NA,NA,NA,NA,NA,NA,0,NA,NA,NA,NA,4.4137155,114.5653908
2008,India,NA,NA,NA,NA,NA,NA,2,1,NA,NA,0,1,NA,NA,NA,0,NA,NA,NA,NA,22.3511148,78.6677428
2008,Japan,NA,NA,NA,NA,NA,NA,3,NA,NA,NA,NA,NA,NA,NA,NA,0,NA,NA,NA,NA,36.5748441,139.2394179
2008,Lao People's Democratic Republic,NA,NA,NA,NA,NA,NA,1,NA,698995715.3082623,8,NA,NA,NA,NA,NA,0,NA,NA,NA,NA,20.0171109,103.378253
2008,Mongolia,NA,NA,NA,NA,NA,NA,1,NA,NA,NA,NA,NA,NA,NA,NA,0,NA,NA,NA,NA,46.8250388,103.8499736
2008,Nepal,NA,NA,NA,NA,NA,NA,3,NA,0,1,34111.234212256124,2,NA,NA,NA,0,NA,NA,NA,NA,28.3780464,83.9999901
2008,Democratic People's Republic of Korea,NA,NA,NA,NA,NA,NA,1,NA,NA,NA,NA,NA,NA,NA,NA,0,NA,NA,NA,NA,40.3736611,127.0870417
2008,Philippines,NA,NA,NA,NA,NA,NA,1,NA,NA,NA,NA,NA,NA,NA,NA,1,NA,NA,NA,NA,14.5904492,120.9803621
2008,Russia,NA,NA,NA,NA,NA,NA,2,NA,NA,NA,NA,NA,NA,NA,NA,0,NA,NA,NA,NA,64.6863136,97.7453061
2008,South Korea,NA,NA,NA,NA,NA,NA,4,NA,NA,NA,NA,NA,NA,NA,NA,0,NA,NA,NA,NA,36.638392,127.6961188
2008,Tajikistan,NA,NA,NA,NA,NA,NA,1,NA,511668513.18384194,1,NA,NA,NA,NA,NA,0,NA,NA,NA,NA,38.6281733,70.8156541
2008,Viet Nam,NA,NA,NA,NA,NA,NA,3,NA,1597529974.9602108,4,NA,NA,NA,NA,NA,0,NA,NA,NA,NA,15.9266657,107.9650855
2009,Brunei Darussalam,NA,NA,NA,NA,NA,NA,1,NA,NA,NA,NA,NA,NA,NA,NA,0,NA,NA,NA,NA,4.4137155,114.5653908
2009,India,NA,NA,NA,NA,NA,NA,2,NA,82334992.5577764,1,NA,NA,NA,NA,NA,0,NA,NA,NA,NA,22.3511148,78.6677428
2009,Japan,NA,NA,NA,NA,NA,NA,6,NA,NA,NA,NA,NA,NA,NA,NA,1,NA,NA,NA,NA,36.5748441,139.2394179
2009,Kazakhstan,NA,NA,NA,NA,NA,NA,2,NA,7608425434.726744,5,NA,NA,NA,NA,NA,0,NA,NA,NA,NA,48.1012954,66.7780818
2009,Kyrgyz Republic,NA,NA,NA,NA,NA,NA,1,NA,619881931.6202514,4,NA,NA,NA,NA,NA,0,NA,NA,NA,NA,41.5089324,74.724091
2009,Lao People's Democratic Republic,NA,NA,NA,NA,NA,NA,1,NA,733308724.1461375,13,NA,NA,NA,NA,NA,0,NA,NA,NA,NA,20.0171109,103.378253
2009,Malaysia,NA,NA,NA,NA,NA,NA,4,NA,585032129.7722651,3,NA,NA,NA,NA,NA,0,NA,NA,NA,NA,4.5693754,102.2656823
2009,Mongolia,NA,NA,NA,NA,NA,NA,2,1,NA,NA,NA,NA,NA,NA,NA,0,NA,NA,NA,NA,46.8250388,103.8499736
2009,Democratic People's Republic of Korea,NA,NA,NA,NA,NA,NA,2,NA,39108311.74447438,1,NA,NA,NA,NA,NA,0,NA,NA,NA,NA,40.3736611,127.0870417
2009,Philippines,NA,NA,NA,NA,NA,NA,2,NA,84015298.52834328,1,NA,NA,NA,NA,NA,0,NA,NA,NA,NA,14.5904492,120.9803621
2009,Russia,NA,NA,NA,NA,NA,NA,4,3,42753537084.50616,4,NA,NA,NA,NA,NA,0,NA,NA,NA,NA,64.6863136,97.7453061
2009,South Korea,NA,NA,NA,NA,NA,NA,5,NA,NA,NA,NA,NA,NA,NA,NA,0,NA,NA,NA,NA,36.638392,127.6961188
2009,Tajikistan,NA,NA,NA,NA,NA,NA,1,NA,207993040.10367027,4,NA,NA,NA,NA,NA,0,NA,NA,NA,NA,38.6281733,70.8156541
2009,Viet Nam,NA,NA,NA,NA,NA,NA,6,NA,1060292443.5142285,15,0,1,NA,NA,NA,0,NA,NA,NA,NA,15.9266657,107.9650855
2010,Afghanistan,NA,NA,NA,NA,NA,NA,2,NA,28664696.433517277,2,3626102.1566252494,2,0,1,1,0,NA,0,1,1,33.7680065,66.2385139
2010,India,NA,NA,NA,NA,NA,NA,1,NA,6807122280.597399,10,NA,NA,1,1,2,0,NA,1,1,2,22.3511148,78.6677428
2010,Indonesia,NA,NA,NA,NA,NA,NA,4,NA,126202083.96763338,2,NA,NA,0,1,1,0,NA,0,1,1,-2.4833826,117.8902853
2010,Japan,NA,NA,NA,NA,NA,NA,3,NA,NA,NA,NA,NA,1,0,1,0,NA,1,0,1,36.5748441,139.2394179
2010,Kazakhstan,NA,NA,NA,NA,NA,NA,3,NA,1296297948.9021153,4,NA,NA,1,1,2,0,NA,1,1,2,48.1012954,66.7780818
2010,Malaysia,NA,NA,NA,NA,NA,NA,2,NA,NA,NA,NA,NA,0,0,0,1,NA,0,0,0,4.5693754,102.2656823
2010,Mongolia,NA,NA,NA,NA,NA,NA,2,NA,241206786.7619621,3,0,1,1,2,3,0,NA,1,2,3,46.8250388,103.8499736
2010,Democratic People's Republic of Korea,NA,NA,NA,NA,NA,NA,2,NA,576256893.1544503,6,NA,NA,0,2,2,0,NA,0,2,2,40.3736611,127.0870417
2010,Philippines,NA,NA,NA,NA,NA,NA,3,NA,949787535.6378955,2,NA,NA,0,1,1,0,NA,0,1,1,14.5904492,120.9803621
2010,Russia,NA,NA,NA,NA,NA,NA,3,NA,1827632093.1621423,4,NA,NA,2,1,3,0,NA,2,1,3,64.6863136,97.7453061
2010,Viet Nam,NA,NA,NA,NA,NA,NA,5,NA,1689921004.0208223,4,7331.961071628167,1,1,1,2,0,NA,1,1,2,15.9266657,107.9650855
2011,India,NA,NA,NA,NA,NA,NA,1,NA,NA,NA,NA,NA,0,1,1,0,NA,0,1,1,22.3511148,78.6677428
2011,Japan,NA,NA,NA,NA,NA,NA,2,NA,NA,NA,NA,NA,1,1,2,0,NA,1,1,2,36.5748441,139.2394179
2011,Kazakhstan,NA,NA,NA,NA,NA,NA,3,NA,4120312448.6767907,5,NA,NA,1,1,2,0,NA,1,1,2,48.1012954,66.7780818
2011,Kyrgyz Republic,NA,NA,NA,NA,NA,NA,2,NA,310140413.9469817,7,NA,NA,0,2,2,0,NA,0,2,2,41.5089324,74.724091
2011,Lao People's Democratic Republic,NA,NA,NA,NA,NA,NA,3,NA,863396797.9512975,9,170266.5927323013,3,0,1,1,0,NA,0,1,1,20.0171109,103.378253
2011,Malaysia,NA,NA,NA,NA,NA,NA,1,NA,NA,NA,NA,NA,1,1,2,0,NA,1,1,2,4.5693754,102.2656823
2011,Nepal,NA,NA,NA,NA,NA,NA,3,NA,311641598.97715473,7,NA,NA,0,0,0,0,NA,0,0,0,28.3780464,83.9999901
2011,Democratic People's Republic of Korea,NA,NA,NA,NA,NA,NA,4,NA,NA,NA,212833.24091537693,2,0,1,1,0,NA,0,1,1,40.3736611,127.0870417
2011,Philippines,NA,NA,NA,NA,NA,NA,2,NA,NA,NA,NA,NA,0,1,1,0,NA,0,1,1,14.5904492,120.9803621
2011,Russia,NA,NA,NA,NA,NA,NA,5,NA,0,2,NA,NA,2,2,4,0,NA,2,2,4,64.6863136,97.7453061
2011,South Korea,NA,NA,NA,NA,NA,NA,2,NA,NA,NA,NA,NA,0,1,1,0,NA,0,1,1,36.638392,127.6961188
2011,Viet Nam,NA,NA,NA,NA,NA,NA,4,NA,4714115405.930103,7,6879.36480239687,1,0,0,0,0,NA,0,0,0,15.9266657,107.9650855
2012,Brunei Darussalam,NA,NA,NA,NA,NA,NA,1,NA,NA,NA,NA,NA,0,0,0,0,NA,0,0,0,4.4137155,114.5653908
2012,India,NA,NA,NA,NA,NA,NA,1,NA,0,1,NA,NA,1,0,1,0,NA,1,0,1,22.3511148,78.6677428
2012,Indonesia,NA,NA,NA,NA,NA,NA,3,1,1030657831.060534,7,NA,NA,1,1,2,0,NA,1,1,2,-2.4833826,117.8902853
2012,Japan,NA,NA,NA,NA,NA,NA,1,NA,NA,NA,NA,NA,0,1,1,1,NA,0,1,1,36.5748441,139.2394179
2012,Kazakhstan,NA,NA,NA,NA,NA,NA,2,NA,12118210277.859238,9,NA,NA,0,3,3,0,NA,0,3,3,48.1012954,66.7780818
2012,Malaysia,NA,NA,NA,NA,NA,NA,1,NA,229862106.91174132,1,NA,NA,0,1,1,0,NA,0,1,1,4.5693754,102.2656823
2012,Mongolia,NA,NA,NA,NA,NA,NA,1,NA,NA,NA,NA,NA,0,1,1,0,NA,0,1,1,46.8250388,103.8499736
2012,Russia,NA,NA,NA,NA,NA,NA,3,1,1878301787.9073708,3,NA,NA,2,1,3,1,NA,2,1,3,64.6863136,97.7453061
2012,South Korea,NA,NA,NA,NA,NA,NA,1,NA,NA,NA,NA,NA,0,2,2,0,NA,0,2,2,36.638392,127.6961188
2012,Tajikistan,NA,NA,NA,NA,NA,NA,2,NA,527437537.89890707,5,NA,NA,0,2,2,0,NA,0,2,2,38.6281733,70.8156541
2012,Viet Nam,NA,NA,NA,NA,NA,NA,1,NA,1579077843.6005778,4,NA,NA,0,1,1,0,NA,0,1,1,15.9266657,107.9650855
2013,Brunei Darussalam,NA,NA,NA,NA,NA,NA,3,NA,NA,NA,NA,NA,1,1,2,0,NA,1,1,2,4.4137155,114.5653908
2013,India,NA,NA,NA,NA,NA,NA,5,1,420655078.12247086,2,NA,NA,1,1,2,0,NA,1,1,2,22.3511148,78.6677428
2013,Kazakhstan,NA,NA,NA,NA,NA,NA,2,NA,1003343251.6758119,5,NA,NA,1,1,2,0,NA,1,1,2,48.1012954,66.7780818
2013,Kyrgyz Republic,NA,NA,NA,NA,NA,NA,2,1,1370453005.5858994,5,NA,NA,1,2,3,0,NA,1,2,3,41.5089324,74.724091
2013,Lao People's Democratic Republic,NA,NA,NA,NA,NA,NA,1,NA,1037447082.3729473,9,252387.9991135013,2,0,2,2,0,NA,0,2,2,20.0171109,103.378253
2013,Malaysia,NA,NA,NA,NA,NA,NA,3,NA,214529799.24647507,3,NA,NA,1,0,1,0,NA,1,0,1,4.5693754,102.2656823
2013,Democratic People's Republic of Korea,NA,NA,NA,NA,NA,NA,1,NA,NA,NA,NA,NA,0,0,0,0,NA,0,0,0,40.3736611,127.0870417
2013,Philippines,NA,NA,NA,NA,NA,NA,2,NA,NA,NA,NA,NA,0,0,0,0,NA,0,0,0,14.5904492,120.9803621
2013,Russia,NA,NA,NA,NA,NA,NA,4,5,1620522769.1880038,4,NA,NA,2,1,3,0,NA,2,1,3,64.6863136,97.7453061
2013,South Korea,NA,NA,NA,NA,NA,NA,5,NA,NA,NA,NA,NA,0,1,1,0,NA,0,1,1,36.638392,127.6961188
2013,Viet Nam,NA,NA,NA,NA,NA,NA,3,NA,308848339.56032,7,NA,NA,1,2,3,0,NA,1,2,3,15.9266657,107.9650855
2014,Brunei Darussalam,NA,NA,NA,NA,NA,NA,1,NA,NA,NA,NA,NA,0,1,1,0,1,0,1,1,4.4137155,114.5653908
2014,India,NA,NA,NA,NA,NA,NA,1,1,NA,NA,NA,NA,1,0,1,0,1,1,0,1,22.3511148,78.6677428
2014,Japan,NA,NA,NA,NA,NA,NA,1,NA,NA,NA,NA,NA,0,1,1,0,NA,0,1,1,36.5748441,139.2394179
2014,Kazakhstan,NA,NA,NA,NA,NA,NA,3,NA,1238512837.8192055,1,NA,NA,1,2,3,0,1,1,2,3,48.1012954,66.7780818
2014,Kyrgyz Republic,NA,NA,NA,NA,NA,NA,1,NA,10552924.212941602,2,NA,NA,0,2,2,1,1,0,2,2,41.5089324,74.724091
2014,Lao People's Democratic Republic,NA,NA,NA,NA,NA,NA,3,NA,3012872870.465133,14,NA,NA,0,3,3,0,1,0,3,3,20.0171109,103.378253
2014,Malaysia,NA,NA,NA,NA,NA,NA,1,1,8050333.445824891,1,NA,NA,0,3,3,2,1,0,3,3,4.5693754,102.2656823
2014,Mongolia,NA,NA,NA,NA,NA,NA,2,NA,389064305.71484715,4,63671434.32597539,2,1,2,3,0,NA,1,2,3,46.8250388,103.8499736
2014,Russia,NA,NA,NA,NA,NA,NA,3,5,619256418.9096073,2,NA,NA,2,2,4,0,2,2,2,4,64.6863136,97.7453061
2014,South Korea,NA,NA,NA,NA,NA,NA,3,NA,NA,NA,NA,NA,1,0,1,1,NA,1,0,1,36.638392,127.6961188
2014,Tajikistan,NA,NA,NA,NA,NA,NA,3,NA,1277335428.4171414,11,NA,NA,1,2,3,0,1,1,2,3,38.6281733,70.8156541
2014,Viet Nam,NA,NA,NA,NA,NA,NA,3,NA,2853533578.335462,3,NA,NA,0,1,1,0,1,0,1,1,15.9266657,107.9650855
2015,Afghanistan,NA,NA,NA,NA,NA,NA,1,NA,0,3,NA,NA,0,1,1,0,NA,0,1,1,33.7680065,66.2385139
2015,India,NA,NA,NA,NA,NA,NA,4,1,0,2,NA,NA,0,1,1,1,1,0,1,1,22.3511148,78.6677428
2015,Japan,NA,NA,NA,NA,NA,NA,1,NA,NA,NA,NA,NA,0,0,0,0,NA,0,0,0,36.5748441,139.2394179
2015,Kyrgyz Republic,NA,NA,NA,NA,NA,NA,1,NA,412099043.10069346,4,NA,NA,0,2,2,0,1,0,2,2,41.5089324,74.724091
2015,Malaysia,NA,NA,NA,NA,NA,NA,5,1,1543549363.0809286,6,NA,NA,1,1,2,0,NA,1,1,2,4.5693754,102.2656823
2015,South Korea,NA,NA,NA,NA,NA,NA,3,1,NA,NA,NA,NA,2,1,3,1,NA,2,1,3,36.638392,127.6961188
2015,Tajikistan,NA,NA,NA,NA,NA,NA,1,NA,650346490.9157776,2,NA,NA,0,3,3,0,1,0,3,3,38.6281733,70.8156541
2015,Viet Nam,NA,NA,NA,NA,NA,NA,2,NA,1829243887.6435857,4,NA,NA,1,2,3,0,NA,1,2,3,15.9266657,107.9650855
2016,Afghanistan,NA,NA,NA,NA,NA,NA,4,NA,147104475.47557676,3,NA,NA,0,1,1,0,NA,0,1,1,33.7680065,66.2385139
2016,Brunei Darussalam,NA,NA,NA,NA,NA,NA,1,NA,NA,NA,NA,NA,0,0,0,0,NA,0,0,0,4.4137155,114.5653908
2016,India,NA,NA,NA,NA,NA,NA,2,3,NA,NA,NA,NA,1,2,3,0,1,1,2,3,22.3511148,78.6677428
2016,Japan,NA,NA,NA,NA,NA,NA,1,NA,NA,NA,NA,NA,0,1,1,9,NA,0,1,1,36.5748441,139.2394179
2016,Kazakhstan,NA,NA,NA,NA,NA,NA,1,NA,3038235060.9542794,2,NA,NA,1,1,2,0,2,1,1,2,48.1012954,66.7780818
2016,Kyrgyz Republic,NA,NA,NA,NA,NA,NA,1,NA,97307622.6287768,1,NA,NA,1,1,2,0,1,1,1,2,41.5089324,74.724091
2016,Malaysia,NA,NA,NA,NA,NA,NA,4,1,956249667.2878934,1,NA,NA,0,1,1,3,NA,0,1,1,4.5693754,102.2656823
2016,Nepal,NA,NA,NA,NA,NA,NA,2,NA,296850829.0269801,6,19250655.802512195,4,0,1,1,0,NA,0,1,1,28.3780464,83.9999901
2016,Pakistan,NA,NA,NA,NA,NA,NA,7,5,7622126273.242974,19,47709559.61370057,1,0,0,0,0,NA,0,0,0,30.3308401,71.247499
2016,Russia,NA,NA,NA,NA,NA,NA,5,4,27449545229.174377,8,NA,NA,1,2,3,2,2,1,2,3,64.6863136,97.7453061
2016,Russia,NA,NA,NA,NA,NA,NA,5,4,27449545229.174377,8,NA,NA,1,2,3,2,2,1,2,3,64.6863136,97.7453061
2016,South Korea,NA,NA,NA,NA,NA,NA,1,NA,NA,NA,NA,NA,0,2,2,2,2,0,2,2,36.638392,127.6961188
2016,Tajikistan,NA,NA,NA,NA,NA,NA,4,1,515566507.8202333,8,NA,NA,0,1,1,0,1,0,1,1,38.6281733,70.8156541
2016,Viet Nam,NA,NA,NA,NA,NA,NA,6,NA,5784909419.410345,9,NA,NA,0,1,1,0,1,0,1,1,15.9266657,107.9650855
2017,Brunei Darussalam,NA,NA,NA,NA,NA,NA,1,1,NA,NA,NA,NA,0,1,1,0,NA,0,1,1,4.4137155,114.5653908
2017,Kyrgyz Republic,NA,NA,NA,NA,NA,NA,2,NA,251699116.1495565,3,0,1,0,2,2,0,1,0,2,2,41.5089324,74.724091
2017,Nepal,NA,NA,NA,NA,NA,NA,2,1,238724542.99191892,5,0,3,0,1,1,0,1,0,1,1,28.3780464,83.9999901
2017,Philippines,NA,NA,NA,NA,NA,NA,3,NA,312299184.31256557,12,9538561.14333724,2,1,1,2,1,NA,1,1,2,14.5904492,120.9803621
2017,Russia,NA,NA,NA,NA,NA,NA,3,5,0,2,NA,NA,2,3,5,0,2,2,3,5,64.6863136,97.7453061
2017,South Korea,NA,NA,NA,NA,NA,NA,1,NA,NA,NA,NA,NA,0,1,1,1,NA,0,1,1,36.638392,127.6961188
2017,Viet Nam,NA,NA,NA,NA,NA,NA,5,1,1882055441.99265,6,NA,NA,1,2,3,0,1,1,2,3,15.9266657,107.9650855
2018,India,NA,NA,NA,NA,NA,NA,4,1,106937.92767895081,1,NA,NA,0,2,2,1,2,0,2,2,22.3511148,78.6677428
2018,Indonesia,NA,NA,NA,NA,NA,NA,1,1,2428324375.5845428,12,NA,NA,1,0,1,0,NA,1,0,1,-2.4833826,117.8902853
2018,Japan,NA,NA,NA,NA,NA,NA,1,NA,NA,NA,NA,NA,1,1,2,0,NA,1,1,2,36.5748441,139.2394179
2018,Kazakhstan,NA,NA,NA,NA,NA,NA,2,NA,886631959.5390399,1,35334.56942010355,1,0,2,2,0,1,0,2,2,48.1012954,66.7780818
2018,Kyrgyz Republic,NA,NA,NA,NA,NA,NA,2,NA,106900290.49080072,3,NA,NA,0,1,1,0,1,0,1,1,41.5089324,74.724091
2018,Malaysia,NA,NA,NA,NA,NA,NA,1,1,19118820442.91739,8,NA,NA,0,1,1,0,NA,0,1,1,4.5693754,102.2656823
2018,Mongolia,NA,NA,NA,NA,NA,NA,2,1,424785568.2046428,7,61145354.97697297,3,0,2,2,0,1,0,2,2,46.8250388,103.8499736
2018,Nepal,NA,NA,NA,NA,NA,NA,2,1,307611431.0840397,9,0,3,0,1,1,0,NA,0,1,1,28.3780464,83.9999901
2018,Democratic People's Republic of Korea,NA,NA,NA,NA,NA,NA,1,NA,0,1,NA,NA,0,3,3,0,NA,0,3,3,40.3736611,127.0870417
2018,Russia,NA,NA,NA,NA,NA,NA,9,2,2212120980.100209,1,NA,NA,1,2,3,0,1,1,2,3,64.6863136,97.7453061
2018,Russia,NA,NA,NA,NA,NA,NA,9,2,2212120980.100209,1,NA,NA,1,2,3,0,2,1,2,3,64.6863136,97.7453061
2018,South Korea,NA,NA,NA,NA,NA,NA,1,NA,NA,NA,NA,NA,0,1,1,0,NA,0,1,1,36.638392,127.6961188
2018,Viet Nam,NA,NA,NA,NA,NA,NA,3,1,2039755446.8633342,3,NA,NA,0,1,1,0,NA,0,1,1,15.9266657,107.9650855
2019,Brunei Darussalam,NA,NA,NA,NA,NA,NA,3,NA,NA,NA,NA,NA,0,1,1,0,NA,0,1,1,4.4137155,114.5653908
2019,India,NA,NA,NA,NA,NA,NA,1,1,NA,NA,NA,NA,1,0,1,0,2,1,0,1,22.3511148,78.6677428
2019,Indonesia,NA,NA,NA,NA,NA,NA,2,NA,2022207654.027381,6,NA,NA,0,0,0,0,NA,0,0,0,-2.4833826,117.8902853
2019,Japan,NA,NA,NA,NA,NA,NA,1,NA,NA,NA,NA,NA,1,1,2,0,NA,1,1,2,36.5748441,139.2394179
2019,Kazakhstan,NA,NA,NA,NA,NA,NA,2,1,2193733937.2545543,5,NA,NA,0,2,2,0,1,0,2,2,48.1012954,66.7780818
2019,Kyrgyz Republic,NA,NA,NA,NA,NA,NA,3,1,20830237.600730754,2,NA,NA,1,1,2,0,1,1,1,2,41.5089324,74.724091
2019,Lao People's Democratic Republic,NA,NA,NA,NA,NA,NA,2,2,4489462837.033839,8,91521.25483625123,4,0,2,2,0,1,0,2,2,20.0171109,103.378253
2019,Malaysia,NA,NA,NA,NA,NA,NA,2,1,12927579578.627542,8,NA,NA,0,1,1,0,NA,0,1,1,4.5693754,102.2656823
2019,Mongolia,NA,NA,NA,NA,NA,NA,2,1,184911342.48260403,5,4621823.369230678,3,0,1,1,0,NA,0,1,1,46.8250388,103.8499736
2019,Nepal,NA,NA,NA,NA,NA,NA,1,1,80361153.02151872,3,0,1,1,1,2,0,NA,1,1,2,28.3780464,83.9999901
2019,Democratic People's Republic of Korea,NA,NA,NA,NA,NA,NA,4,NA,NA,NA,0,1,1,1,2,0,NA,1,1,2,40.3736611,127.0870417
2019,Russia,NA,NA,NA,NA,NA,NA,6,5,NA,NA,NA,NA,2,1,3,0,3,2,1,3,64.6863136,97.7453061
2019,South Korea,NA,NA,NA,NA,NA,NA,3,NA,NA,NA,NA,NA,0,2,2,0,NA,0,2,2,36.638392,127.6961188
2019,Viet Nam,NA,NA,NA,NA,NA,NA,3,NA,2368069712.2085433,8,NA,NA,0,1,1,0,NA,0,1,1,15.9266657,107.9650855
2020,Brunei Darussalam,NA,NA,NA,NA,NA,NA,1,NA,NA,NA,285403.49899188866,8,NA,NA,NA,0,NA,NA,NA,NA,4.4137155,114.5653908
2020,India,NA,NA,NA,NA,NA,NA,2,NA,NA,NA,NA,NA,NA,NA,NA,0,2,NA,NA,NA,22.3511148,78.6677428
2020,Indonesia,NA,NA,NA,NA,NA,NA,2,NA,756663222.5028743,5,4471453.849343101,4,NA,NA,NA,0,NA,NA,NA,NA,-2.4833826,117.8902853
2020,Japan,NA,NA,NA,NA,NA,NA,1,NA,NA,NA,NA,NA,NA,NA,NA,0,NA,NA,NA,NA,36.5748441,139.2394179
2020,Lao People's Democratic Republic,NA,NA,NA,NA,NA,NA,1,NA,63045279.289671734,5,1421060.9339811178,15,NA,NA,NA,0,NA,NA,NA,NA,20.0171109,103.378253
2020,Malaysia,NA,NA,NA,NA,NA,NA,2,NA,11899.152424300484,1,8602406.057802215,65,NA,NA,NA,0,NA,NA,NA,NA,4.5693754,102.2656823
2020,Nepal,NA,NA,NA,NA,NA,NA,1,NA,NA,NA,2845736.220952598,14,NA,NA,NA,0,NA,NA,NA,NA,28.3780464,83.9999901
2020,Philippines,NA,NA,NA,NA,NA,NA,2,1,7357589.242770157,1,7731577.348743421,21,NA,NA,NA,0,NA,NA,NA,NA,14.5904492,120.9803621
2020,Russia,NA,NA,NA,NA,NA,NA,2,3,4827269790.298646,3,439866.1389692159,20,NA,NA,NA,0,1,NA,NA,NA,64.6863136,97.7453061
2020,South Korea,NA,NA,NA,NA,NA,NA,2,NA,NA,NA,NA,NA,NA,NA,NA,0,NA,NA,NA,NA,36.638392,127.6961188
2020,Viet Nam,NA,NA,NA,NA,NA,NA,2,NA,353031490.6779433,3,237481.10425176838,5,NA,NA,NA,0,NA,NA,NA,NA,15.9266657,107.9650855
2021,Indonesia,NA,NA,NA,NA,NA,NA,1,1,768177347.8371139,6,84959063.32078792,7,NA,NA,NA,0,NA,NA,NA,NA,-2.4833826,117.8902853
2021,Japan,NA,NA,NA,NA,NA,NA,1,NA,NA,NA,NA,NA,NA,NA,NA,0,NA,NA,NA,NA,36.5748441,139.2394179
2021,Malaysia,NA,NA,NA,NA,NA,NA,1,NA,NA,NA,70767373.37491335,9,NA,NA,NA,0,NA,NA,NA,NA,4.5693754,102.2656823
2021,Mongolia,NA,NA,NA,NA,NA,NA,2,NA,NA,NA,8054675.134815125,5,NA,NA,NA,0,1,NA,NA,NA,46.8250388,103.8499736
2021,Russia,NA,NA,NA,NA,NA,NA,4,5,9555055797.18264,7,3490.359225086554,4,NA,NA,NA,0,1,NA,NA,NA,64.6863136,97.7453061
2021,Tajikistan,NA,NA,NA,NA,NA,NA,1,NA,161128191.21970716,2,70411632.02207628,6,NA,NA,NA,0,2,NA,NA,NA,38.6281733,70.8156541
2021,Viet Nam,NA,NA,NA,NA,NA,NA,2,1,45307547.633335076,1,80436133.92701007,9,NA,NA,NA,0,1,NA,NA,NA,15.9266657,107.9650855
2022,Indonesia,NA,NA,NA,NA,NA,NA,2,NA,NA,NA,NA,NA,NA,NA,NA,NA,1,NA,NA,NA,-2.4833826,117.8902853
2022,Kazakhstan,NA,NA,NA,NA,NA,NA,1,NA,NA,NA,NA,NA,NA,NA,NA,NA,2,NA,NA,NA,48.1012954,66.7780818
2022,Mongolia,NA,NA,NA,NA,NA,NA,1,NA,NA,NA,NA,NA,NA,NA,NA,NA,NA,NA,NA,NA,46.8250388,103.8499736
2022,Pakistan,NA,NA,NA,NA,NA,NA,2,1,NA,NA,NA,NA,NA,NA,NA,NA,1,NA,NA,NA,30.3308401,71.247499
2022,South Korea,NA,NA,NA,NA,NA,NA,1,NA,NA,NA,NA,NA,NA,NA,NA,NA,1,NA,NA,NA,36.638392,127.6961188
2022,Viet Nam,NA,NA,NA,NA,NA,NA,2,NA,NA,NA,NA,NA,NA,NA,NA,NA,2,NA,NA,NA,15.9266657,107.9650855
2023,Brunei Darussalam,NA,NA,NA,NA,NA,NA,1,NA,NA,NA,NA,NA,NA,NA,NA,NA,NA,NA,NA,NA,4.4137155,114.5653908
2023,India,NA,NA,NA,NA,NA,NA,1,NA,NA,NA,NA,NA,NA,NA,NA,NA,2,NA,NA,NA,22.3511148,78.6677428
2023,India,NA,NA,NA,NA,NA,NA,1,NA,NA,NA,NA,NA,NA,NA,NA,NA,1,NA,NA,NA,22.3511148,78.6677428
2023,Japan,NA,NA,NA,NA,NA,NA,2,NA,NA,NA,NA,NA,NA,NA,NA,NA,NA,NA,NA,NA,36.5748441,139.2394179
2023,Kazakhstan,NA,NA,NA,NA,NA,NA,2,NA,NA,NA,NA,NA,NA,NA,NA,NA,2,NA,NA,NA,48.1012954,66.7780818
2023,Kyrgyz Republic,NA,NA,NA,NA,NA,NA,1,NA,NA,NA,NA,NA,NA,NA,NA,NA,3,NA,NA,NA,41.5089324,74.724091
2023,Lao People's Democratic Republic,NA,NA,NA,NA,NA,NA,3,1,NA,NA,NA,NA,NA,NA,NA,NA,2,NA,NA,NA,20.0171109,103.378253
2023,Malaysia,NA,NA,NA,NA,NA,NA,1,NA,NA,NA,NA,NA,NA,NA,NA,NA,NA,NA,NA,NA,4.5693754,102.2656823
2023,Mongolia,NA,NA,NA,NA,NA,NA,1,2,NA,NA,NA,NA,NA,NA,NA,NA,NA,NA,NA,NA,46.8250388,103.8499736
2023,Pakistan,NA,NA,NA,NA,NA,NA,4,3,NA,NA,NA,NA,NA,NA,NA,NA,3,NA,NA,NA,30.3308401,71.247499
2023,Philippines,NA,NA,NA,NA,NA,NA,1,NA,NA,NA,NA,NA,NA,NA,NA,NA,NA,NA,NA,NA,14.5904492,120.9803621
2023,Russia,NA,NA,NA,NA,NA,NA,7,3,NA,NA,NA,NA,NA,NA,NA,NA,1,NA,NA,NA,64.6863136,97.7453061
2023,Russia,NA,NA,NA,NA,NA,NA,7,3,NA,NA,NA,NA,NA,NA,NA,NA,3,NA,NA,NA,64.6863136,97.7453061
2023,Tajikistan,NA,NA,NA,NA,NA,NA,1,NA,NA,NA,NA,NA,NA,NA,NA,NA,2,NA,NA,NA,38.6281733,70.8156541
2023,Viet Nam,NA,NA,NA,NA,NA,NA,4,NA,NA,NA,NA,NA,NA,NA,NA,NA,2,NA,NA,NA,15.9266657,107.9650855
2023,Viet Nam,NA,NA,NA,NA,NA,NA,4,NA,NA,NA,NA,NA,NA,NA,NA,NA,1,NA,NA,NA,15.9266657,107.9650855
2024,Indonesia,NA,NA,NA,NA,NA,NA,1,NA,NA,NA,NA,NA,NA,NA,NA,NA,1,NA,NA,NA,-2.4833826,117.8902853
2024,Kazakhstan,NA,NA,NA,NA,NA,NA,1,NA,NA,NA,NA,NA,NA,NA,NA,NA,4,NA,NA,NA,48.1012954,66.7780818
2024,Kyrgyz Republic,NA,NA,NA,NA,NA,NA,1,NA,NA,NA,NA,NA,NA,NA,NA,NA,2,NA,NA,NA,41.5089324,74.724091
2024,Kyrgyz Republic,NA,NA,NA,NA,NA,NA,1,NA,NA,NA,NA,NA,NA,NA,NA,NA,2,NA,NA,NA,41.5089324,74.724091
2024,Malaysia,NA,NA,NA,NA,NA,NA,1,NA,NA,NA,NA,NA,NA,NA,NA,NA,NA,NA,NA,NA,4.5693754,102.2656823
2024,Pakistan,NA,NA,NA,NA,NA,NA,1,NA,NA,NA,NA,NA,NA,NA,NA,NA,2,NA,NA,NA,30.3308401,71.247499
2024,Russia,NA,NA,NA,NA,NA,NA,2,2,NA,NA,NA,NA,NA,NA,NA,NA,3,NA,NA,NA,64.6863136,97.7453061
2024,Tajikistan,NA,NA,NA,NA,NA,NA,1,NA,NA,NA,NA,NA,NA,NA,NA,NA,3,NA,NA,NA,38.6281733,70.8156541
2024,Viet Nam,NA,NA,NA,NA,NA,NA,1,NA,NA,NA,NA,NA,NA,NA,NA,NA,1,NA,NA,NA,15.9266657,107.9650855
2013,Mongolia,NA,NA,NA,NA,NA,NA,NA,1,95781245.66357367,2,NA,NA,0,1,1,0,NA,0,1,1,46.8250388,103.8499736
2019,Tajikistan,NA,NA,NA,NA,NA,NA,NA,1,356368180.96920705,6,NA,NA,1,1,2,0,1,1,1,2,38.6281733,70.8156541
2023,Afghanistan,NA,NA,NA,NA,NA,NA,NA,1,NA,NA,NA,NA,NA,NA,NA,NA,NA,NA,NA,NA,33.7680065,66.2385139
2023,Nepal,NA,NA,NA,NA,NA,NA,NA,1,NA,NA,NA,NA,NA,NA,NA,NA,NA,NA,NA,NA,28.3780464,83.9999901
2024,Lao People's Democratic Republic,NA,NA,NA,NA,NA,NA,NA,1,NA,NA,NA,NA,NA,NA,NA,NA,NA,NA,NA,NA,20.0171109,103.378253
2024,Mongolia,NA,NA,NA,NA,NA,NA,NA,1,NA,NA,NA,NA,NA,NA,NA,NA,3,NA,NA,NA,46.8250388,103.8499736
2000,Lao People's Democratic Republic,NA,NA,NA,NA,NA,NA,NA,NA,100576435.29833263,1,NA,NA,NA,NA,NA,0,NA,NA,NA,NA,20.0171109,103.378253
2000,Mongolia,NA,NA,NA,NA,NA,NA,NA,NA,121385352.94626343,2,NA,NA,NA,NA,NA,0,NA,NA,NA,NA,46.8250388,103.8499736
2000,Myanmar,NA,NA,NA,NA,NA,NA,NA,NA,1016902582.0787659,10,NA,NA,NA,NA,NA,0,NA,NA,NA,NA,17.1750495,95.9999652
2000,Nepal,NA,NA,NA,NA,NA,NA,NA,NA,21014587.234510183,1,NA,NA,NA,NA,NA,0,NA,NA,NA,NA,28.3780464,83.9999901
2000,Pakistan,NA,NA,NA,NA,NA,NA,NA,NA,9537420.588634986,2,NA,NA,NA,NA,NA,0,NA,NA,NA,NA,30.3308401,71.247499
2000,Viet Nam,NA,NA,NA,NA,NA,NA,NA,NA,136653240.48948717,3,NA,NA,NA,NA,NA,0,NA,NA,NA,NA,15.9266657,107.9650855
2001,Indonesia,NA,NA,NA,NA,NA,NA,NA,NA,13594176.537154648,1,NA,NA,NA,NA,NA,1,NA,NA,NA,NA,-2.4833826,117.8902853
2001,Nepal,NA,NA,NA,NA,NA,NA,NA,NA,115649133.2581181,2,98455898.48275179,1,NA,NA,NA,0,NA,NA,NA,NA,28.3780464,83.9999901
2001,Philippines,NA,NA,NA,NA,NA,NA,NA,NA,98401370.79314633,1,NA,NA,NA,NA,NA,0,NA,NA,NA,NA,14.5904492,120.9803621
2003,Afghanistan,NA,NA,NA,NA,NA,NA,NA,NA,12513278.734402709,2,11854778.313689545,1,NA,NA,NA,0,NA,NA,NA,NA,33.7680065,66.2385139
2003,Lao People's Democratic Republic,NA,NA,NA,NA,NA,NA,NA,NA,74225187.14711519,3,NA,NA,NA,NA,NA,0,NA,NA,NA,NA,20.0171109,103.378253
2003,Nepal,NA,NA,NA,NA,NA,NA,NA,NA,0,1,NA,NA,NA,NA,NA,0,NA,NA,NA,NA,28.3780464,83.9999901
2004,Afghanistan,NA,NA,NA,NA,NA,NA,NA,NA,29302236.248204254,1,NA,NA,NA,NA,NA,0,NA,NA,NA,NA,33.7680065,66.2385139
2004,Indonesia,NA,NA,NA,NA,NA,NA,NA,NA,408192891.04020196,1,254802.05433221036,2,NA,NA,NA,0,NA,NA,NA,NA,-2.4833826,117.8902853
2005,Lao People's Democratic Republic,NA,NA,NA,NA,NA,NA,NA,NA,134834664.461567,5,210346.55147722742,1,NA,NA,NA,0,NA,NA,NA,NA,20.0171109,103.378253
2006,Nepal,NA,NA,NA,NA,NA,NA,NA,NA,0,1,0,1,NA,NA,NA,0,NA,NA,NA,NA,28.3780464,83.9999901
2007,Nepal,NA,NA,NA,NA,NA,NA,NA,NA,72228463.0189005,3,36231.22521443749,1,NA,NA,NA,0,NA,NA,NA,NA,28.3780464,83.9999901
2007,Tajikistan,NA,NA,NA,NA,NA,NA,NA,NA,423475072.6732087,2,NA,NA,NA,NA,NA,0,NA,NA,NA,NA,38.6281733,70.8156541
2008,Afghanistan,NA,NA,NA,NA,NA,NA,NA,NA,8024602.564417745,3,1074503.8776860684,1,NA,NA,NA,0,NA,NA,NA,NA,33.7680065,66.2385139
2008,Kazakhstan,NA,NA,NA,NA,NA,NA,NA,NA,13872493174.377178,4,NA,NA,NA,NA,NA,0,NA,NA,NA,NA,48.1012954,66.7780818
2008,Kyrgyz Republic,NA,NA,NA,NA,NA,NA,NA,NA,188602089.91316873,5,NA,NA,NA,NA,NA,0,NA,NA,NA,NA,41.5089324,74.724091
2009,Nepal,NA,NA,NA,NA,NA,NA,NA,NA,37666899.93154991,3,14751703.733660754,1,NA,NA,NA,0,NA,NA,NA,NA,28.3780464,83.9999901
2010,Kyrgyz Republic,NA,NA,NA,NA,NA,NA,NA,NA,6905139.31723658,1,NA,NA,0,0,0,0,NA,0,0,0,41.5089324,74.724091
2011,Afghanistan,NA,NA,NA,NA,NA,NA,NA,NA,16622276.115490953,1,5503491.841917502,1,0,0,0,0,NA,0,0,0,33.7680065,66.2385139
2011,Mongolia,NA,NA,NA,NA,NA,NA,NA,NA,137460940.82838866,2,NA,NA,0,1,1,0,NA,0,1,1,46.8250388,103.8499736
2012,Democratic People's Republic of Korea,NA,NA,NA,NA,NA,NA,NA,NA,58297828.53903139,3,0,1,0,0,0,0,NA,0,0,0,40.3736611,127.0870417
2012,Kyrgyz Republic,NA,NA,NA,NA,NA,NA,NA,NA,736596163.3907892,9,37685382.0198739,1,1,2,3,0,NA,1,2,3,41.5089324,74.724091
2012,Nepal,NA,NA,NA,NA,NA,NA,NA,NA,2266625292.0266376,3,0,2,1,0,1,0,NA,1,0,1,28.3780464,83.9999901
2012,Philippines,NA,NA,NA,NA,NA,NA,NA,NA,459724213.8234837,1,NA,NA,0,0,0,0,NA,0,0,0,14.5904492,120.9803621
2014,Democratic People's Republic of Korea,NA,NA,NA,NA,NA,NA,NA,NA,52578427.27997551,4,0,1,0,0,0,0,NA,0,0,0,40.3736611,127.0870417
2014,Nepal,NA,NA,NA,NA,NA,NA,NA,NA,633869.1884354174,1,24770.256756384224,2,0,1,1,0,NA,0,1,1,28.3780464,83.9999901
2015,Brunei Darussalam,NA,NA,NA,NA,NA,NA,NA,NA,244357022.25277528,2,NA,NA,0,0,0,0,NA,0,0,0,4.4137155,114.5653908
2015,Democratic People's Republic of Korea,NA,NA,NA,NA,NA,NA,NA,NA,27365635.68255977,2,NA,NA,0,0,0,0,NA,0,0,0,40.3736611,127.0870417
2015,Philippines,NA,NA,NA,NA,NA,NA,NA,NA,0,1,NA,NA,1,0,1,0,NA,1,0,1,14.5904492,120.9803621
2017,Kazakhstan,NA,NA,NA,NA,NA,NA,NA,NA,3931770818.097821,12,NA,NA,1,1,2,0,1,1,1,2,48.1012954,66.7780818
2018,Afghanistan,NA,NA,NA,NA,NA,NA,NA,NA,0,3,NA,NA,0,1,1,1,NA,0,1,1,33.7680065,66.2385139
2018,Brunei Darussalam,NA,NA,NA,NA,NA,NA,NA,NA,2133635404.668759,5,NA,NA,1,0,1,0,NA,1,0,1,4.4137155,114.5653908
2018,Philippines,NA,NA,NA,NA,NA,NA,NA,NA,476416841.2644207,33,63618.10530091382,2,1,1,2,0,NA,1,1,2,14.5904492,120.9803621
2020,Kazakhstan,NA,NA,NA,NA,NA,NA,NA,NA,141558266.8156909,2,1633042.653499112,8,NA,NA,NA,0,1,NA,NA,NA,48.1012954,66.7780818
2020,Kyrgyz Republic,NA,NA,NA,NA,NA,NA,NA,NA,0,1,11655835.086612675,16,NA,NA,NA,0,1,NA,NA,NA,41.5089324,74.724091
2020,Mongolia,NA,NA,NA,NA,NA,NA,NA,NA,650536591.2728243,2,1754633.9326110382,15,NA,NA,NA,0,1,NA,NA,NA,46.8250388,103.8499736
2020,Tajikistan,NA,NA,NA,NA,NA,NA,NA,NA,689674874.5124614,2,2918205.644482944,8,NA,NA,NA,0,1,NA,NA,NA,38.6281733,70.8156541
2021,Afghanistan,NA,NA,NA,NA,NA,NA,NA,NA,684878.9583694115,2,34232369.32296428,4,NA,NA,NA,0,NA,NA,NA,NA,33.7680065,66.2385139
2021,Kazakhstan,NA,NA,NA,NA,NA,NA,NA,NA,242758958.92428917,1,NA,NA,NA,NA,NA,0,2,NA,NA,NA,48.1012954,66.7780818
2021,Lao People's Democratic Republic,NA,NA,NA,NA,NA,NA,NA,NA,0,1,140705745.6066557,19,NA,NA,NA,0,NA,NA,NA,NA,20.0171109,103.378253
2021,Nepal,NA,NA,NA,NA,NA,NA,NA,NA,8725898.062716385,1,157834339.27623013,14,NA,NA,NA,0,NA,NA,NA,NA,28.3780464,83.9999901
2001,Mongolia,NA,NA,NA,NA,NA,NA,NA,NA,NA,NA,679708.8268577335,1,NA,NA,NA,0,NA,NA,NA,NA,46.8250388,103.8499736
2005,Mongolia,NA,NA,NA,NA,NA,NA,NA,NA,NA,NA,97114.02554379785,2,NA,NA,NA,0,NA,NA,NA,NA,46.8250388,103.8499736
2020,Afghanistan,NA,NA,NA,NA,NA,NA,NA,NA,NA,NA,5439003.952972484,9,NA,NA,NA,0,1,NA,NA,NA,33.7680065,66.2385139
2021,Brunei Darussalam,NA,NA,NA,NA,NA,NA,NA,NA,NA,NA,21183795.60456378,2,NA,NA,NA,0,NA,NA,NA,NA,4.4137155,114.5653908
2021,Kyrgyz Republic,NA,NA,NA,NA,NA,NA,NA,NA,NA,NA,47212248.97923821,8,NA,NA,NA,0,2,NA,NA,NA,41.5089324,74.724091
1999,Afghanistan,NA,NA,NA,NA,NA,NA,NA,NA,NA,NA,NA,NA,NA,NA,NA,0,NA,NA,NA,NA,33.7680065,66.2385139
2000,Afghanistan,NA,NA,NA,NA,NA,NA,NA,NA,NA,NA,NA,NA,NA,NA,NA,0,NA,NA,NA,NA,33.7680065,66.2385139
2001,Afghanistan,NA,NA,NA,NA,NA,NA,NA,NA,NA,NA,NA,NA,NA,NA,NA,0,NA,NA,NA,NA,33.7680065,66.2385139
2009,Afghanistan,NA,NA,NA,NA,NA,NA,NA,NA,NA,NA,NA,NA,NA,NA,NA,0,NA,NA,NA,NA,33.7680065,66.2385139
2013,Afghanistan,NA,NA,NA,NA,NA,NA,NA,NA,NA,NA,NA,NA,0,1,1,0,NA,0,1,1,33.7680065,66.2385139
2019,Afghanistan,NA,NA,NA,NA,NA,NA,NA,NA,NA,NA,NA,NA,0,0,0,0,NA,0,0,0,33.7680065,66.2385139
1999,Bhutan,NA,NA,NA,NA,NA,NA,NA,NA,NA,NA,NA,NA,NA,NA,NA,0,NA,NA,NA,NA,27.549511,90.5119273
2000,Bhutan,NA,NA,NA,NA,NA,NA,NA,NA,NA,NA,NA,NA,NA,NA,NA,0,NA,NA,NA,NA,27.549511,90.5119273
2001,Bhutan,NA,NA,NA,NA,NA,NA,NA,NA,NA,NA,NA,NA,NA,NA,NA,0,NA,NA,NA,NA,27.549511,90.5119273
2002,Bhutan,NA,NA,NA,NA,NA,NA,NA,NA,NA,NA,NA,NA,NA,NA,NA,0,NA,NA,NA,NA,27.549511,90.5119273
2003,Bhutan,NA,NA,NA,NA,NA,NA,NA,NA,NA,NA,NA,NA,NA,NA,NA,0,NA,NA,NA,NA,27.549511,90.5119273
2004,Bhutan,NA,NA,NA,NA,NA,NA,NA,NA,NA,NA,NA,NA,NA,NA,NA,0,NA,NA,NA,NA,27.549511,90.5119273
2005,Bhutan,NA,NA,NA,NA,NA,NA,NA,NA,NA,NA,NA,NA,NA,NA,NA,0,NA,NA,NA,NA,27.549511,90.5119273
2006,Bhutan,NA,NA,NA,NA,NA,NA,NA,NA,NA,NA,NA,NA,NA,NA,NA,0,NA,NA,NA,NA,27.549511,90.5119273
2007,Bhutan,NA,NA,NA,NA,NA,NA,NA,NA,NA,NA,NA,NA,NA,NA,NA,0,NA,NA,NA,NA,27.549511,90.5119273
2008,Bhutan,NA,NA,NA,NA,NA,NA,NA,NA,NA,NA,NA,NA,NA,NA,NA,0,NA,NA,NA,NA,27.549511,90.5119273
2009,Bhutan,NA,NA,NA,NA,NA,NA,NA,NA,NA,NA,NA,NA,NA,NA,NA,0,NA,NA,NA,NA,27.549511,90.5119273
2010,Bhutan,NA,NA,NA,NA,NA,NA,NA,NA,NA,NA,NA,NA,0,0,0,0,NA,0,0,0,27.549511,90.5119273
2011,Bhutan,NA,NA,NA,NA,NA,NA,NA,NA,NA,NA,NA,NA,0,0,0,0,NA,0,0,0,27.549511,90.5119273
2012,Bhutan,NA,NA,NA,NA,NA,NA,NA,NA,NA,NA,NA,NA,0,0,0,0,NA,0,0,0,27.549511,90.5119273
2013,Bhutan,NA,NA,NA,NA,NA,NA,NA,NA,NA,NA,NA,NA,0,0,0,0,NA,0,0,0,27.549511,90.5119273
2014,Bhutan,NA,NA,NA,NA,NA,NA,NA,NA,NA,NA,NA,NA,0,0,0,0,NA,0,0,0,27.549511,90.5119273
2015,Bhutan,NA,NA,NA,NA,NA,NA,NA,NA,NA,NA,NA,NA,0,0,0,0,NA,0,0,0,27.549511,90.5119273
2016,Bhutan,NA,NA,NA,NA,NA,NA,NA,NA,NA,NA,NA,NA,0,0,0,0,NA,0,0,0,27.549511,90.5119273
2017,Bhutan,NA,NA,NA,NA,NA,NA,NA,NA,NA,NA,NA,NA,0,0,0,0,NA,0,0,0,27.549511,90.5119273
2018,Bhutan,NA,NA,NA,NA,NA,NA,NA,NA,NA,NA,NA,NA,0,0,0,0,NA,0,0,0,27.549511,90.5119273
2019,Bhutan,NA,NA,NA,NA,NA,NA,NA,NA,NA,NA,NA,NA,0,0,0,0,NA,0,0,0,27.549511,90.5119273
2020,Bhutan,NA,NA,NA,NA,NA,NA,NA,NA,NA,NA,NA,NA,NA,NA,NA,0,NA,NA,NA,NA,27.549511,90.5119273
2021,Bhutan,NA,NA,NA,NA,NA,NA,NA,NA,NA,NA,NA,NA,NA,NA,NA,0,NA,NA,NA,NA,27.549511,90.5119273
1999,Brunei Darussalam,NA,NA,NA,NA,NA,NA,NA,NA,NA,NA,NA,NA,NA,NA,NA,0,NA,NA,NA,NA,4.4137155,114.5653908
2000,Brunei Darussalam,NA,NA,NA,NA,NA,NA,NA,NA,NA,NA,NA,NA,NA,NA,NA,0,NA,NA,NA,NA,4.4137155,114.5653908
2001,Brunei Darussalam,NA,NA,NA,NA,NA,NA,NA,NA,NA,NA,NA,NA,NA,NA,NA,0,NA,NA,NA,NA,4.4137155,114.5653908
2006,Brunei Darussalam,NA,NA,NA,NA,NA,NA,NA,NA,NA,NA,NA,NA,NA,NA,NA,0,NA,NA,NA,NA,4.4137155,114.5653908
2010,Brunei Darussalam,NA,NA,NA,NA,NA,NA,NA,NA,NA,NA,NA,NA,0,0,0,0,NA,0,0,0,4.4137155,114.5653908
2011,Brunei Darussalam,NA,NA,NA,NA,NA,NA,NA,NA,NA,NA,NA,NA,1,0,1,0,NA,1,0,1,4.4137155,114.5653908
1999,India,NA,NA,NA,NA,NA,NA,NA,NA,NA,NA,NA,NA,NA,NA,NA,0,NA,NA,NA,NA,22.3511148,78.6677428
2000,India,NA,NA,NA,NA,NA,NA,NA,NA,NA,NA,NA,NA,NA,NA,NA,0,NA,NA,NA,NA,22.3511148,78.6677428
2017,India,NA,NA,NA,NA,NA,NA,NA,NA,NA,NA,NA,NA,0,1,1,0,2,0,1,1,22.3511148,78.6677428
2021,India,NA,NA,NA,NA,NA,NA,NA,NA,NA,NA,NA,NA,NA,NA,NA,0,1,NA,NA,NA,22.3511148,78.6677428
1999,Indonesia,NA,NA,NA,NA,NA,NA,NA,NA,NA,NA,NA,NA,NA,NA,NA,0,NA,NA,NA,NA,-2.4833826,117.8902853
2000,Indonesia,NA,NA,NA,NA,NA,NA,NA,NA,NA,NA,NA,NA,NA,NA,NA,1,NA,NA,NA,NA,-2.4833826,117.8902853
1999,Japan,NA,NA,NA,NA,NA,NA,NA,NA,NA,NA,NA,NA,NA,NA,NA,1,NA,NA,NA,NA,36.5748441,139.2394179
2000,Japan,NA,NA,NA,NA,NA,NA,NA,NA,NA,NA,NA,NA,NA,NA,NA,0,NA,NA,NA,NA,36.5748441,139.2394179
2001,Japan,NA,NA,NA,NA,NA,NA,NA,NA,NA,NA,NA,NA,NA,NA,NA,0,NA,NA,NA,NA,36.5748441,139.2394179
2002,Japan,NA,NA,NA,NA,NA,NA,NA,NA,NA,NA,NA,NA,NA,NA,NA,0,NA,NA,NA,NA,36.5748441,139.2394179
2013,Japan,NA,NA,NA,NA,NA,NA,NA,NA,NA,NA,NA,NA,0,0,0,0,NA,0,0,0,36.5748441,139.2394179
2017,Japan,NA,NA,NA,NA,NA,NA,NA,NA,NA,NA,NA,NA,0,0,0,1,NA,0,0,0,36.5748441,139.2394179
1999,Kazakhstan,NA,NA,NA,NA,NA,NA,NA,NA,NA,NA,NA,NA,NA,NA,NA,0,NA,NA,NA,NA,48.1012954,66.7780818
2000,Kazakhstan,NA,NA,NA,NA,NA,NA,NA,NA,NA,NA,NA,NA,NA,NA,NA,0,NA,NA,NA,NA,48.1012954,66.7780818
2001,Kazakhstan,NA,NA,NA,NA,NA,NA,NA,NA,NA,NA,NA,NA,NA,NA,NA,0,NA,NA,NA,NA,48.1012954,66.7780818
1999,Kyrgyz Republic,NA,NA,NA,NA,NA,NA,NA,NA,NA,NA,NA,NA,NA,NA,NA,0,NA,NA,NA,NA,41.5089324,74.724091
2000,Kyrgyz Republic,NA,NA,NA,NA,NA,NA,NA,NA,NA,NA,NA,NA,NA,NA,NA,0,NA,NA,NA,NA,41.5089324,74.724091
1999,Lao People's Democratic Republic,NA,NA,NA,NA,NA,NA,NA,NA,NA,NA,NA,NA,NA,NA,NA,0,NA,NA,NA,NA,20.0171109,103.378253
2001,Lao People's Democratic Republic,NA,NA,NA,NA,NA,NA,NA,NA,NA,NA,NA,NA,NA,NA,NA,0,NA,NA,NA,NA,20.0171109,103.378253
1999,Malaysia,NA,NA,NA,NA,NA,NA,NA,NA,NA,NA,NA,NA,NA,NA,NA,0,NA,NA,NA,NA,4.5693754,102.2656823
2001,Malaysia,NA,NA,NA,NA,NA,NA,NA,NA,NA,NA,NA,NA,NA,NA,NA,0,NA,NA,NA,NA,4.5693754,102.2656823
2002,Malaysia,NA,NA,NA,NA,NA,NA,NA,NA,NA,NA,NA,NA,NA,NA,NA,0,NA,NA,NA,NA,4.5693754,102.2656823
2004,Malaysia,NA,NA,NA,NA,NA,NA,NA,NA,NA,NA,NA,NA,NA,NA,NA,0,NA,NA,NA,NA,4.5693754,102.2656823
1999,Mongolia,NA,NA,NA,NA,NA,NA,NA,NA,NA,NA,NA,NA,NA,NA,NA,0,NA,NA,NA,NA,46.8250388,103.8499736
2004,Mongolia,NA,NA,NA,NA,NA,NA,NA,NA,NA,NA,NA,NA,NA,NA,NA,0,NA,NA,NA,NA,46.8250388,103.8499736
2006,Mongolia,NA,NA,NA,NA,NA,NA,NA,NA,NA,NA,NA,NA,NA,NA,NA,0,NA,NA,NA,NA,46.8250388,103.8499736
1999,Myanmar,NA,NA,NA,NA,NA,NA,NA,NA,NA,NA,NA,NA,NA,NA,NA,0,NA,NA,NA,NA,17.1750495,95.9999652
1999,Nepal,NA,NA,NA,NA,NA,NA,NA,NA,NA,NA,NA,NA,NA,NA,NA,0,NA,NA,NA,NA,28.3780464,83.9999901
1999,Democratic People's Republic of Korea,NA,NA,NA,NA,NA,NA,NA,NA,NA,NA,NA,NA,NA,NA,NA,NA,NA,NA,NA,NA,40.3736611,127.0870417
2000,Democratic People's Republic of Korea,NA,NA,NA,NA,NA,NA,NA,NA,NA,NA,NA,NA,NA,NA,NA,NA,NA,NA,NA,NA,40.3736611,127.0870417
2001,Democratic People's Republic of Korea,NA,NA,NA,NA,NA,NA,NA,NA,NA,NA,NA,NA,NA,NA,NA,NA,NA,NA,NA,NA,40.3736611,127.0870417
2016,Democratic People's Republic of Korea,NA,NA,NA,NA,NA,NA,NA,NA,NA,NA,NA,NA,0,0,0,0,NA,0,0,0,40.3736611,127.0870417
2017,Democratic People's Republic of Korea,NA,NA,NA,NA,NA,NA,NA,NA,NA,NA,NA,NA,0,0,0,0,NA,0,0,0,40.3736611,127.0870417
2020,Democratic People's Republic of Korea,NA,NA,NA,NA,NA,NA,NA,NA,NA,NA,NA,NA,NA,NA,NA,0,NA,NA,NA,NA,40.3736611,127.0870417
2021,Democratic People's Republic of Korea,NA,NA,NA,NA,NA,NA,NA,NA,NA,NA,NA,NA,NA,NA,NA,0,NA,NA,NA,NA,40.3736611,127.0870417
1999,Pakistan,NA,NA,NA,NA,NA,NA,NA,NA,NA,NA,NA,NA,NA,NA,NA,0,NA,NA,NA,NA,30.3308401,71.247499
1999,Philippines,NA,NA,NA,NA,NA,NA,NA,NA,NA,NA,NA,NA,NA,NA,NA,1,NA,NA,NA,NA,14.5904492,120.9803621
2000,Philippines,NA,NA,NA,NA,NA,NA,NA,NA,NA,NA,NA,NA,NA,NA,NA,0,NA,NA,NA,NA,14.5904492,120.9803621
2014,Philippines,NA,NA,NA,NA,NA,NA,NA,NA,NA,NA,NA,NA,0,1,1,0,NA,0,1,1,14.5904492,120.9803621
1999,Russia,NA,NA,NA,NA,NA,NA,NA,NA,NA,NA,NA,NA,NA,NA,NA,0,NA,NA,NA,NA,64.6863136,97.7453061
2000,Russia,NA,NA,NA,NA,NA,NA,NA,NA,NA,NA,NA,NA,NA,NA,NA,0,NA,NA,NA,NA,64.6863136,97.7453061
2001,Russia,NA,NA,NA,NA,NA,NA,NA,NA,NA,NA,NA,NA,NA,NA,NA,0,NA,NA,NA,NA,64.6863136,97.7453061
1999,South Korea,NA,NA,NA,NA,NA,NA,NA,NA,NA,NA,NA,NA,NA,NA,NA,0,NA,NA,NA,NA,36.638392,127.6961188
2000,South Korea,NA,NA,NA,NA,NA,NA,NA,NA,NA,NA,NA,NA,NA,NA,NA,0,NA,NA,NA,NA,36.638392,127.6961188
2001,South Korea,NA,NA,NA,NA,NA,NA,NA,NA,NA,NA,NA,NA,NA,NA,NA,0,NA,NA,NA,NA,36.638392,127.6961188
2010,South Korea,NA,NA,NA,NA,NA,NA,NA,NA,NA,NA,NA,NA,2,0,2,0,NA,2,0,2,36.638392,127.6961188
2021,South Korea,NA,NA,NA,NA,NA,NA,NA,NA,NA,NA,NA,NA,NA,NA,NA,0,NA,NA,NA,NA,36.638392,127.6961188
1999,Tajikistan,NA,NA,NA,NA,NA,NA,NA,NA,NA,NA,NA,NA,NA,NA,NA,0,NA,NA,NA,NA,38.6281733,70.8156541
2000,Tajikistan,NA,NA,NA,NA,NA,NA,NA,NA,NA,NA,NA,NA,NA,NA,NA,0,NA,NA,NA,NA,38.6281733,70.8156541
2001,Tajikistan,NA,NA,NA,NA,NA,NA,NA,NA,NA,NA,NA,NA,NA,NA,NA,0,NA,NA,NA,NA,38.6281733,70.8156541
2004,Tajikistan,NA,NA,NA,NA,NA,NA,NA,NA,NA,NA,NA,NA,NA,NA,NA,0,NA,NA,NA,NA,38.6281733,70.8156541
1999,Viet Nam,NA,NA,NA,NA,NA,NA,NA,NA,NA,NA,NA,NA,NA,NA,NA,0,NA,NA,NA,NA,15.9266657,107.9650855
2022,Brunei Darussalam,NA,NA,NA,NA,NA,NA,NA,NA,NA,NA,NA,NA,NA,NA,NA,NA,1,NA,NA,NA,4.4137155,114.5653908
2022,India,NA,NA,NA,NA,NA,NA,NA,NA,NA,NA,NA,NA,NA,NA,NA,NA,1,NA,NA,NA,22.3511148,78.6677428
2022,India,NA,NA,NA,NA,NA,NA,NA,NA,NA,NA,NA,NA,NA,NA,NA,NA,1,NA,NA,NA,22.3511148,78.6677428
2022,Japan,NA,NA,NA,NA,NA,NA,NA,NA,NA,NA,NA,NA,NA,NA,NA,NA,1,NA,NA,NA,36.5748441,139.2394179
2022,Kyrgyz Republic,NA,NA,NA,NA,NA,NA,NA,NA,NA,NA,NA,NA,NA,NA,NA,NA,2,NA,NA,NA,41.5089324,74.724091
2022,Malaysia,NA,NA,NA,NA,NA,NA,NA,NA,NA,NA,NA,NA,NA,NA,NA,NA,2,NA,NA,NA,4.5693754,102.2656823
2022,Myanmar,NA,NA,NA,NA,NA,NA,NA,NA,NA,NA,NA,NA,NA,NA,NA,NA,2,NA,NA,NA,17.1750495,95.9999652
2022,Tajikistan,NA,NA,NA,NA,NA,NA,NA,NA,NA,NA,NA,NA,NA,NA,NA,NA,1,NA,NA,NA,38.6281733,70.8156541
2022,Tajikistan,NA,NA,NA,NA,NA,NA,NA,NA,NA,NA,NA,NA,NA,NA,NA,NA,1,NA,NA,NA,38.6281733,70.8156541
2022,Philippines,NA,NA,NA,NA,NA,NA,NA,NA,NA,NA,NA,NA,NA,NA,NA,NA,1,NA,NA,NA,14.5904492,120.9803621
2022,Philippines,NA,NA,NA,NA,NA,NA,NA,NA,NA,NA,NA,NA,NA,NA,NA,NA,1,NA,NA,NA,14.5904492,120.9803621
2024,India,NA,NA,NA,NA,NA,NA,NA,NA,NA,NA,NA,NA,NA,NA,NA,NA,2,NA,NA,NA,22.3511148,78.6677428
2024,Nepal,NA,NA,NA,NA,NA,NA,NA,NA,NA,NA,NA,NA,NA,NA,NA,NA,1,NA,NA,NA,28.3780464,83.9999901
